name,email,phone,signup_date,city
Ronald Sims,,585.701.8654,2009-01-11,Mccallmouth
Jennifer Gray,kimberly02@example.org,+1-836-229-6119,01-01-1991,North Laura
Joseph Morris,,6967134460,2006-12-24,South Michael
Amy Bennett,charlesbuck@example.com,467-226-5632x9402,1975-07-09,Anthonyport
Jose Floyd,bnguyen@example.org,001-551-749-0383x7292,08-03-1982,Loriburgh
Angela Martinez,grace14@example.net,533.223.3339,2023-09-09,North Randy
Jennifer Preston,kathrynjackson@example.com,882-847-8767x788,20-10-2004,Ambershire
Emily Johnson,torresduane@example.net,614.984.1423x06920,1972-04-06,Lake Travisville
Jeffrey Schmidt,sandra07@example.com,(240)787-7045x78449,17-06-1975,Seanmouth
Matthew Owens,,(518)490-4211,1988-08-30,Lake Clifford
Anthony Hunt,matthewmays@example.com,(720)479-8244x687,1996-09-19,Stevenstad
Kevin Alvarez,,+1-719-629-0430x491,1984-07-20,North Paula
Brittney Leach,smithamanda@example.org,279-572-2669x8642,01-01-1980,Reynoldshaven
Johnny Nguyen,walkerrussell@example.org,729-812-9399x107,25-10-1995,Jaimeshire
Leah Acosta,longgabriel@example.net,+1-222-559-2015x98822,1981-02-03,Courtneyton
Hannah Harrison,clynch@example.net,968.327.2196x4697,1977-07-06,Joshuafurt
Dawn Young,ksteele@example.org,(633)482-4030x63049,2000-02-05,Danielport
Bruce Singleton,angelaelliott@example.com,(676)200-3687,26-04-2003,Johnsontown
Jason Gross,jramirez@example.org,(534)299-9377,2003-05-12,South Nicolestad
Evan Walter,cantumegan@example.org,(290)528-5825x415,03-02-1983,Lake Cory
Jeffrey Matthews,ihernandez@example.net,712-581-0465,2012-12-04,South Anne
Sheri Taylor,kirstenmartinez@example.net,001-325-446-6120x0214,1972-10-26,Wilsonland
Calvin Ross,riveradavid@example.net,(744)724-0081x55088,07-09-1992,Burtonfurt
James Bennett,qwilcox@example.org,(217)618-6994,09-01-2004,Hancockland
Erin Hernandez,,+1-492-476-4576x78997,1988-04-25,Lake Jessica
Jeremy Ramirez,kristatyler@example.com,313-495-8954x1834,03-11-2014,South Michaelmouth
Matthew Williams,jenniferclark@example.net,951.431.0408,08-06-2005,Coreyland
William Patel,sylvia56@example.net,363.336.8296x29410,1989-05-02,Port Teresa
Amy Adams,kwilson@example.org,001-449-606-1101x924,12-09-2000,Meganstad
Julian Hicks,,670.625.6005x225,08-08-2001,Muellerstad
Joseph Pham,robertjohnson@example.net,4553869189,1991-08-05,Trevorchester
Wendy Brown,amandamartin@example.org,568.887.0971x05687,2017-04-17,Jessicafort
Clifford Lopez,pfrench@example.org,505.458.9511x73830,20-10-1977,Drakeside
Patrick Williams,michellechapman@example.com,+1-555-765-8222x6415,19-03-1975,South Cory
Allen Howard,mary69@example.com,(529)292-6705x715,05-06-2001,Port Bradleyton
Marc Harris,,+1-527-278-4353,2005-12-01,Shawnport
Adam Castaneda,brewerfranklin@example.com,933.226.0732,11-06-2023,Rodriguezland
Larry Molina,toddmorgan@example.net,(722)548-5908,27-06-2020,Carolshire
Jennifer Rojas,cobbtrevor@example.net,753-315-3700,27-03-2025,East Kylie
Sue Watson,,487.234.3760x4450,25-07-2005,East Heather
Chad Turner,eodonnell@example.com,465.947.2188x17074,02-08-2011,North Michael
Brendan Wells,williamfuentes@example.org,+1-554-711-8004x286,2004-04-14,Port Dawn
Dawn Mcdonald,brucewest@example.com,(277)601-4143,13-07-1995,Allisonside
Rebecca Vargas,lisa91@example.org,001-595-466-6722,13-12-1996,West Daisyberg
Steven Jones,brownvicki@example.net,392.920.7763,16-09-1986,Nicoleview
Travis Mcclure,thomasosborne@example.net,001-481-651-5998,1996-11-07,Webbtown
Tracy Miller,smithmartha@example.org,+1-857-960-5058x7335,27-12-1977,East Patrickfort
Jeremy Perez,alexandranicholson@example.net,(984)679-0205,2003-06-26,Amandaborough
Rachel Morgan,janet42@example.com,463.291.5407,18-02-2007,West Katieburgh
Megan Bowen,nicholas05@example.com,001-896-215-2486x40524,24-08-1978,New Jennifer
Stuart Cortez,alane@example.org,564-569-1472,14-10-1980,Port Cynthiamouth
Paul Smith,,516.627.0228x6606,25-04-1990,Lake Lori
Makayla Grimes,mark37@example.net,969-988-0564,04-02-1990,Ortizchester
David Smith,robert04@example.net,+1-786-815-5249x8164,1990-03-03,East Shellyborough
Robert Johnson,,604.534.3202,1972-07-25,Andrewmouth
Tracey Leon,jessica59@example.net,001-248-742-3075x710,1982-04-09,Lake Janet
Erin Mcdonald,jameslane@example.net,+1-812-345-1503x91658,16-05-2015,West Jennifermouth
Michele Brown,brandi30@example.com,001-361-751-6102,1977-01-04,West Ryanmouth
Kimberly Soto,,001-857-546-9844x4468,2023-04-19,Medinamouth
Jessica Patton DDS,rosssabrina@example.com,001-465-312-8720,22-05-2015,Yvonnetown
Carla Powers,douglas91@example.net,+1-282-492-4199x01911,2009-07-11,Omarfurt
John Fleming,kevin19@example.com,(261)773-3897x74868,09-05-2000,North Ryan
Rebecca Garza,nathan40@example.net,273-655-7772,1973-09-20,Victoriaberg
Joshua Reed,baileydanielle@example.org,898-468-8895x737,2016-08-24,Port Natalieland
Alexis Davis,stephanie91@example.net,340.719.5061x26744,05-02-2014,North Donaldbury
Stephen Fry,robertsashley@example.com,(496)384-4119x40952,08-08-1995,Nicholastown
Dawn Evans,cowens@example.org,902.462.6104,13-11-1989,West Rachelborough
Michael Gonzalez,matthew90@example.com,(223)879-3320,1976-10-15,Martinfort
Troy Nichols,wongmichael@example.net,207-502-3632x5809,2001-01-27,Gonzalezstad
Juan Bright,blairamy@example.org,+1-434-673-1395x547,07-05-2003,Hartmanhaven
Peggy Stephenson,,506-469-9003x2674,12-07-1999,West Cory
Lisa Taylor,thomasstephen@example.com,627.523.0468x228,2008-12-29,Debbiechester
William Carrillo,wallacematthew@example.com,7384185152,2021-08-04,Kimberlyton
Amanda Decker,bradshawrebecca@example.org,(541)957-9779x262,26-11-1985,Lake Madison
Lindsey Jones,aliciarichard@example.org,886-888-2360,21-06-1978,Andersonport
Christina Stewart,xmarshall@example.com,001-614-893-4297x278,09-09-2006,North Martinton
Sherri Bonilla,harold62@example.net,915.209.3460x78525,30-03-1999,Gonzalezberg
Whitney Anderson,wardchloe@example.net,+1-759-707-1979x2827,2020-07-03,Jonesview
Cameron Costa,xcummings@example.org,+1-399-707-3726x4376,13-07-2001,North Mitchellside
Matthew Hanson,cathycox@example.net,587-730-5887x6065,02-10-1987,Ashleyport
Katherine Meyers,,(413)237-4879x87016,2000-01-07,Port Keith
Melanie Jensen,adamsfrancisco@example.net,001-432-610-3295x836,19-03-1979,North Steven
Joyce Lee,timothyklein@example.org,334-910-3144x649,1986-08-23,South Reginald
Erica Singh,brandisalazar@example.com,4259679310,01-08-1970,West Ericton
Julie Zhang,michaelcrane@example.org,(216)980-9842x1907,2012-11-07,South Nicholas
Sabrina Cook,gonzalesdana@example.net,431-647-9398x1637,1973-01-22,Heatherton
Mary Baker,michellemartinez@example.net,521-739-4983,10-10-2012,Lake Adamborough
Steven Rice,reesekristin@example.org,001-238-594-2537x7207,1974-08-20,Lake Monica
Robert Ramos,jamesmoss@example.com,263-765-5921,30-08-1995,Lake Oscarshire
Brittany White,crawfordfrank@example.org,737-384-5415,1987-02-23,South Angelicaton
Charles Gray,traceycaldwell@example.com,629-827-6269x950,1991-05-12,Port Matthew
Daniel Andersen,rogerssusan@example.net,400.976.2222,08-04-2008,Lake Teresaport
Bradley Short,williamsmichael@example.net,273.367.8568,1989-12-11,Georgebury
Shane Reed,oneillnichole@example.com,509.464.8812x2197,1999-11-19,Michelleberg
Alex Walker,ortegabecky@example.net,893-841-4340x60265,2020-01-17,Brianview
Michael Christian,whitebrandy@example.com,702-715-2314x096,25-06-1991,Brooksfort
Kirk Ruiz,wheelersusan@example.org,001-771-404-4426x1570,2010-08-18,South Sally
Sara Silva,swilson@example.net,999-895-1837,1982-06-08,Howellstad
Nathaniel White,melanie38@example.net,878.730.3247,21-07-2000,Johnbury
Jessica Morales,williamssamantha@example.net,001-856-853-7924x6159,27-07-2003,Lake Charlesberg
Robert Gomez,golsen@example.net,422.279.5304,29-01-2005,East Stephenhaven
Bradley Mitchell,robertokey@example.net,(383)294-6058,31-12-1970,West Ronaldland
Casey Gross,mharris@example.net,378.740.0949x23835,1973-03-05,South Troyburgh
David Williams,fparks@example.com,001-398-781-7691,1997-08-02,Ericside
Jessica Wood,scollins@example.org,317.620.7750,1971-04-25,East Rachel
Brian Cole,pmiller@example.org,203.399.8350x4705,1974-10-13,Reillymouth
Harold Cox,evansjaime@example.net,266-457-1302x4176,30-11-1985,West Emmastad
Michael Martinez,aduncan@example.org,(820)759-7612x2589,19-10-1992,Woodwardstad
Kristin Simpson,lewisjessica@example.com,330.424.8723,1970-01-14,East Williamfort
Michael Woodard,ubutler@example.net,374.979.5817,1990-12-16,West Ebonymouth
Anna Walker,sjackson@example.org,(443)840-8875x8798,1984-08-05,South Zachary
Timothy Barnett,vvillanueva@example.org,001-618-212-6226x782,2009-01-30,North Davidburgh
Justin Beltran,angelaholden@example.net,984-302-2352,2003-08-08,Ayalaside
Cynthia Green,andrew85@example.org,+1-849-740-4198,2004-04-29,Hensonmouth
Hannah Schneider,davidstewart@example.com,+1-673-315-7131x23956,1982-05-11,Ronnieborough
Samantha Allen,shermanalejandro@example.net,562.900.7023x72950,1973-06-15,Geoffreyburgh
Erik Rogers,turnerjonathan@example.com,953-526-1774x7827,1972-05-17,Brownhaven
Amy Gilmore,,+1-441-532-6059,02-02-1981,New Kathryn
Joseph Miller,dennis72@example.org,371.598.0884,27-09-1996,Port Stacy
Stephen Miller,emily67@example.net,(238)544-4753x102,26-07-2021,Brownview
Thomas Collins,codywright@example.com,+1-708-952-0012x40855,10-05-1978,Ashleymouth
Clinton Mcdaniel,josehernandez@example.com,887-346-3742x02232,15-05-1977,Lake Garyport
Michael Jackson,sierra08@example.org,7115086523,1970-07-24,Lake Lisaport
Charles Erickson,bakerjames@example.org,322-593-9751,10-12-2010,North Brooketon
Brianna Sullivan,,368.811.4257x021,1994-11-18,Thomasfurt
Gary Evans,loweconnor@example.net,(203)312-6010x0376,1995-02-20,Perezshire
Briana Nixon,amy61@example.org,551.502.3520,2004-01-26,Millerberg
Kevin Brown,jillian51@example.net,308.452.5882,2017-05-26,Douglasberg
Robert Bruce,qgood@example.com,(768)941-1243,1987-05-06,Fernandoburgh
Tracy Mitchell,karen86@example.com,001-612-773-2982x31938,2023-05-03,East Andrewshire
Kyle Francis,shill@example.com,604-832-8716,1974-05-15,Montgomeryfurt
Lisa Boyer,,(779)296-2549x80778,2020-01-05,New Kimberlyville
Amy Rodriguez,,+1-560-535-6394x58481,25-08-2020,Pattersonhaven
Jonathan Bean,wilkersoncatherine@example.org,356.210.1793,1974-09-23,Port Richardchester
Jesse Bates,zhoward@example.net,001-414-781-6276x3172,1976-01-14,Rhondachester
Jaime Taylor,rushtrevor@example.org,256-717-5005x654,1980-07-19,Lake John
Sarah Young,michealhamilton@example.net,332-750-5593x219,24-04-2003,New Donaldberg
Aaron Bradley,marissa07@example.net,9379598576,03-03-2010,South Megan
Sean Young,zhoward@example.com,(957)704-4671x9391,2000-06-29,Brennanmouth
Lori Rosario,shubbard@example.org,413.664.9419x8982,2021-12-13,Webstermouth
Jennifer Moreno,cheyenne68@example.com,723-800-9536,15-02-2002,Pruittburgh
Alexis Diaz,jeanettejohnson@example.net,998-347-0296x0440,1977-09-16,South Jamie
Jody Fuller,zmendez@example.net,764.343.6703,04-05-2013,Port Christine
Patrick Jones,qbaldwin@example.net,778.369.9247x1496,1992-05-08,Parkerfurt
Debra Thomas,yperez@example.org,(461)663-3876,1981-12-27,West Shaneville
Jason Sheppard,pattersonsarah@example.org,481-474-9370,30-08-2009,Grahamland
Terri Peterson,,624-394-0754x850,31-01-2021,Amandashire
Victoria Turner,langwesley@example.com,+1-436-673-4267x9645,10-04-2009,Greggview
Christina Mitchell,williamsnancy@example.com,904.282.7743,13-03-2010,East Shelleybury
Ashley Crawford,seanchandler@example.org,(863)329-7799x531,05-02-2008,Wilkersonbury
Austin Wallace,ricepamela@example.org,961.489.2681,14-04-2013,New Michelleborough
Erin Young,fredericksanchez@example.net,836.575.7050x324,23-06-2010,Lake Dannybury
Alejandra Powell,rebecca16@example.org,(379)890-4657,07-07-2024,Moralesville
Lauren Mitchell,sbrooks@example.com,001-839-595-8756,2012-07-31,East Ashley
Michael Sherman,maria64@example.net,(918)753-9252,21-02-1999,South Edward
Curtis Booth,ebrooks@example.org,+1-344-912-2475x3939,1987-10-18,Alvaradohaven
Caroline Bautista,scottalexandria@example.net,001-914-296-7191x2558,05-01-2016,Port Andrewmouth
Zachary Santiago,josephlisa@example.com,513-347-3820x163,07-05-1989,Rowlandmouth
Diana Jones,shawsheri@example.org,499.572.5584x085,21-06-2015,South Teresa
Jeffrey Ellison,nashrachel@example.com,+1-310-565-1335x0681,2011-08-04,West Samuel
Michele Blankenship,josephyoung@example.net,943.789.5853x364,1986-07-26,Colebury
Hayley Vargas,iwagner@example.org,+1-297-510-8437x7690,31-03-2015,Huntville
April Harrington,ljuarez@example.org,(266)353-1925x93207,2005-03-14,Lake Kimport
Amy Martinez,ryan47@example.com,+1-710-489-5720x144,07-02-1970,North Adrian
Evan Garcia,,001-459-623-7450,17-05-2009,Lake Kimberly
Sarah Roberson,lowerysarah@example.org,8328092103,1984-02-19,Bartlettview
Rhonda Anderson,mschmidt@example.net,001-815-918-1837x44899,08-05-2006,Perezport
Kayla Williams,donna66@example.net,651-485-4326x65595,1981-12-06,West Eric
Donna Barrera,joshuadavis@example.net,(974)251-0933,19-01-2008,West Claytonhaven
Mary Davis,rdaniel@example.net,(245)796-7563x14903,11-05-2006,South Joshuaburgh
Rebecca Ballard,donald67@example.org,(799)571-6557x5004,22-02-2008,South James
Michael Murphy,rickyburke@example.com,+1-891-736-7750x9593,1999-02-15,Lake Zachary
Susan Gonzalez,cynthiawest@example.net,307-841-9632x3033,1972-06-20,East Rickeyberg
Matthew Baker,hernandezthomas@example.com,001-652-663-6581x970,2015-12-21,Roseport
Allison Gill,,001-814-236-2437x590,12-02-2013,Jessicaview
Terry Reyes,hooperkevin@example.org,895.987.0015x707,1972-12-31,Sullivanbury
Patricia Tanner,andersondavid@example.net,(816)586-3640x522,2022-09-18,West James
Christopher Morales,hray@example.org,001-948-284-0838x11287,26-04-1998,Pearsonshire
Julie Anderson,sfernandez@example.net,001-820-849-6190x5714,2002-02-21,Starkborough
Michelle Simpson,zhill@example.com,+1-540-820-1920x981,12-03-2000,Davidchester
Bruce Douglas,jessicasmith@example.org,682.756.7028x1883,04-10-2007,West Heather
John Nunez,daniel45@example.org,(404)689-9818,10-10-2023,West Travis
Melissa Pacheco,hwu@example.com,001-410-967-0170,2002-07-11,Turnerstad
Henry Weber,brian39@example.org,351-238-1877,07-10-2012,South Pamela
Daniel Sanchez,joshuaanderson@example.org,(346)618-1602,31-01-2000,Williamberg
Ronald Cook,samuel19@example.com,001-500-636-9559x06029,1976-04-26,Mccallland
Kelsey Adams,kimberlynguyen@example.org,(416)230-3084x035,2002-02-23,East George
Cody Butler,roberthoward@example.net,(531)222-3808,1976-11-05,Briannaberg
Julie Peters,chad79@example.org,001-887-301-7923,1985-10-04,Lake Robert
Mary Mclean,xgentry@example.com,(680)357-7186,2024-08-16,North Seth
Randy Macias,whiteapril@example.org,(972)343-5856x440,16-11-1978,Tylerport
Lisa Johnson,johnnysullivan@example.net,333-438-3590,04-03-1975,South Todd
Debra Stevens,ldavis@example.org,+1-925-603-0150,29-07-1993,Callahanville
Sarah Tapia,theresasimpson@example.org,001-569-381-0916x0672,14-07-1975,Angelachester
Daniel Lucero,shannon88@example.org,(719)422-7671,21-11-1994,New Kevin
Nicholas Allen,rileymary@example.com,354-784-5065x94124,27-06-1971,Stephenfort
Jennifer Lewis,vsmith@example.net,(225)782-7271x613,22-10-2002,West Claudiaville
Jimmy Bernard,dustinpennington@example.com,979.877.9069x129,2018-04-23,South Ericchester
David Herring,rebecca77@example.net,+1-774-332-3290,08-06-2022,East Jason
Katherine Mitchell,psmith@example.com,001-387-396-9903,1990-05-18,South Jason
Sean Young,zhoward@example.com,(957)704-4671x9391,2000-06-29,Brennanmouth
Jason Gross,jramirez@example.org,(534)299-9377,2003-05-12,South Nicolestad
Curtis Booth,ebrooks@example.org,+1-344-912-2475x3939,1987-10-18,Alvaradohaven
Alexis Davis,stephanie91@example.net,340.719.5061x26744,05-02-2014,North Donaldbury
Justin Beltran,angelaholden@example.net,984-302-2352,2003-08-08,Ayalaside
Jose Floyd,bnguyen@example.org,001-551-749-0383x7292,08-03-1982,Loriburgh
Hannah Schneider,davidstewart@example.com,+1-673-315-7131x23956,1982-05-11,Ronnieborough
Sarah Roberson,lowerysarah@example.org,8328092103,1984-02-19,Bartlettview
Steven Rice,reesekristin@example.org,001-238-594-2537x7207,1974-08-20,Lake Monica
Daniel Andersen,rogerssusan@example.net,400.976.2222,08-04-2008,Lake Teresaport
